Word,Count
*,650
the,280
this,245
in,242
,217
change,210
choose,210
template,210
To,210
and,108
@author,106
Project,105
\file,\,105
Headers,105
license,105
Templates,105
Properties,105
ZORE,105
Tools,105
open,105
License,105
|,105
editor,105
\header,\,105
fields,43
-,32
are,31
case,31
set,30
won't,30
id,30
Warning,30
not,30
TODO:,30
work,30
method,30
field,21
of,20
to,20
de,18
consider,17
enforce,17
using,17
validation,17
you,14
\"\\,13
your,13
annotations,13
@Max(value=?),13
these,13
decimal,13
know,13
range,13
@Min(value=?)//if,13
},11
=,10
+,9
return,9
public,8
fonction,6
en,6
chercher,6
{,6
Bon,6
dualList,6
type,5
true;,5
a,5
la,4
Boolean,4
source,4
\message="\Invalid\,4
picklist,4
\equipementFacade.findByBon(bon,magasin);\,4
contains,4
target,4
annotation,4
if,3
!=,3
lists,3
object,3
or,3
@Override,3
for,3
hashCode,3
as,3
&&,3
hash,3
be,3
null,3
new,3
with,3
email,2
init();,2
should,2
where,2
\@Pattern(regexp="\[a-z0-9!#$%&'*+/=?^_`{|}~-]+(?:\\.[a-z0-9!#$%&'*+/=?^_`{|}~-]+)*@(?:[a-z0-9](?:[a-z0-9-]*[a-z0-9])?\\.)+[a-z0-9](?:[a-z0-9-]*[a-z0-9])?"\,\,2
qui,2
its,2
\]?(\\d{4})$"\,\,2
\format,\,2
setter,2
\xxx-xxx-xxxx"\)//if\,2
int,2
fax,2
personne,2
\@Pattern(regexp="\^\\(?(\\d{3})\\)?[-\,2
corresponding,2
date,2
retourner,2
UtilisateurBean();,2
b=new,2
String,2
0;,2
Creates,2
objects,2
phone,2
i,2
\email"\)//if\,2
instance,2
@param,2
ProfileController,2
converter,2
DualListModel<Object>,2
UtilisateurBean,2
equipements.getTarget();,2
phone/fax,2
correct,2
]?(\\d{3})[-,2
false;,2
address,2
hashCode(),2
b.numbon,2
number,2
is,2
l'id,2
StructureBean,1
\null,\,1
bon=new,1
\out"\);\,1
isCsfm(){,1
article,1
equipementsaffectes,1
||,1
LoginController,1
modification,1
@return,1
e.bon.numbon,1
found,1
values,1
listeEquipBon=facade.listeEquipBon(bon);,1
toString(),1
b,1
retrieves,1
equipementsdotes,1
\servicePK="\\,1
Groupe,1
@ManagedProperty(value,1
isAdmin(){,1
\displayErrorMessage("\0"\);\,1
Bon();,1
Magasin,1
d'entrée,1
liste,1
ProfileController();,1
REtourner,1
\displayErrorMessage("\2"\);\,1
raw,1
Generic,1
magasin,1
TYpe,1
==,1
loginController=new,1
(DualListModel<String>),1
:,1
list,1
SORTIE,1
servicePK,1
@Inject,1
equals(Object,1
0);,1
sets,1
(servicePK,1
relying,1
typing,1
override,1
Equipement,1
Service,1
\,"\\,1
void,1
b.liste().size();,1
warning,1
The,1
<,1
goes,1
dotation,1
boolean,1
logged,1
javax.persistence.EmbeddedId;,1
primefaces,1
null),1
\"\,\,1
System.out.println(loginController.loging());,1
\displayErrorMessage("\hhh"\);\,1
\displayErrorMessage("\1"\);\,1
user,1
supplementaire,1
//,1
Retour,1
(Service),1
!this.servicePK.equals(other.servicePK))),1
Famille,1
STRUCTURE,1
rsponsable,1
Ajout,1
(int,1
instead,1
object;,1
uuid,1
sortie,1
object's,1
listeEtat,1
Because,1
LoginController();,1
object.hashCode(),1
((this.servicePK,1
ETAT,1
MARQUE,1
System.out.println(b.liste().get(i).toString());,1
disable,1
getter,1
mind,1
changealuesmagasin(){,1
i++),1
instanceof,1
creation,1
none,1
facade.findAll();,1
hash;,1
\displayErrorMessage("\-1"\);\,1
private,1
\collision,\,1
Without,1
on,1
can,1
arbitrary,1
(!(object,1
by,1
\]"\;\,1
(this.servicePK,1
other.servicePK,1
account,1
utilisateur.getLoginpasswd().equals(passwd),1
dahoc,1
Service)),1
\doLogin(request,\,1
Object,1
isChargeDotation(){,1
\:bon)"\\,1
utilisateur.setIduser(BigDecimal.ZERO);,1
other,1
\loginController.setLogin("\zormad"\);\,1
Function,1
responsable,1
isMagasinier(){,1
utilisateurBean;//,1
\displayInfoMessage("\you\,1
etatFacade.findAll();,1
back,1
b.liste();,1
\generic,\,1
reset,1
IDE,1
therefore,1
req);,1
principal,1
\"\com.entities.Service[\,1
Supplementaire,1
modifiée,1
UtilisateurBean.INJECTION_NAME),1
(select,1
successfully,1
\it,\,1
créee,1
\response,\,1
\loginController.setPasswd("\zormad"\);\,1
from,1
retrieve,1
+=,1
implications,1
that,1
NOTE:,1
servicePK.hashCode(),1
object),1
has,1
import,1
